company ,e-mail,homepage,phone,category,address,discription,facebook,twitter,youtube,blog
??,help@hotdog.net,http://www.htdog.co.kr/,055-322-2835,??,?? ??? ??? ???? 1288?? 26,?????. ,,,,
???,,http://petjournal.allofthat.kr/,010-8711-0006,??,?? ??? ?? 18-11 ????????? ??? 2?,???? ????? ??,,,,
?????,,http://www.petworldkorea.com/,02-2103-2422,??,??? ??? ????32? 30 1409? (?????? ?? ???1?),???? DNA ???,,,,
????,,http://www.myskin365.com/,,,,,https://www.facebook.com/BubbleBuddle,,,
,,,,,,,,,,
,,,,,,,,,,
,,,,,,,,,,
,,,,,,,,,,
,,,,,,,,,,
,,,,,,,,,,
,,,,,,,,,,
